Date,Title,Link
31 May 2016,VGL: Change in substantial holding from WBC,http://ir.iguana2.com/westpac/news-item?S=VGL&E=ASX&N=450194
30 May 2016,Letters to Westpac TPS holders-Westpac Capital Notes 4 Offer,http://ir.iguana2.com/westpac/news-item?S=WBC&E=ASX&N=953608
27 May 2016,SWL: Becoming a substantial holder from WBC,http://ir.iguana2.com/westpac/news-item?S=SWL&E=ASX&N=953377
27 May 2016,Westpac Self-Funding Instalments over securities in ORI,http://ir.iguana2.com/westpac/news-item?S=WBC&E=ASX&N=953318
27 May 2016,WBC-NZ Banking Group Disclosure Statement - 31 March 2016,http://ir.iguana2.com/westpac/news-item?S=WBC&E=ASX&N=953317
26 May 2016,VGL: Change in substantial holding from WBC,http://ir.iguana2.com/westpac/news-item?S=VGL&E=ASX&N=449951
26 May 2016,Westpac Capital Notes 4 Replacement Prospectus,http://ir.iguana2.com/westpac/news-item?S=WBC&E=ASX&N=952994
25 May 2016,STW: Change in substantial holding from WBC,http://ir.iguana2.com/westpac/news-item?S=STW&E=ASX&N=952952
25 May 2016,BAP: Becoming a substantial holder from WBC,http://ir.iguana2.com/westpac/news-item?S=BAP&E=ASX&N=449890
25 May 2016,Interest Payment - WBCHA,http://ir.iguana2.com/westpac/news-item?S=WBC&E=ASX&N=952940
25 May 2016,Interest Payment - WBCHB,http://ir.iguana2.com/westpac/news-item?S=WBC&E=ASX&N=952939
25 May 2016,WNZL Disclosure Statement for 6 months ended 31 March 2016,http://ir.iguana2.com/westpac/news-item?S=WBC&E=ASX&N=952915
24 May 2016,VLW: Becoming a substantial holder from WBC,http://ir.iguana2.com/westpac/news-item?S=VLW&E=ASX&N=952755
23 May 2016,Westpac Capital Notes 4 completion of Bookbuild announcement,http://ir.iguana2.com/westpac/news-item?S=WBC&E=ASX&N=952586
23 May 2016,AYS: Ceasing to be a substantial holder from WBC,http://ir.iguana2.com/westpac/news-item?S=AYS&E=ASX&N=952573
20 May 2016,AYS: Change in substantial holding from WBC,http://ir.iguana2.com/westpac/news-item?S=AYS&E=ASX&N=952376
19 May 2016,Revised Westpac Capital Notes 4 Investor Presentation,http://ir.iguana2.com/westpac/news-item?S=WBC&E=ASX&N=952218
19 May 2016,VGL: Change in substantial holding from WBC,http://ir.iguana2.com/westpac/news-item?S=VGL&E=ASX&N=449598
19 May 2016,Westpac Self-Funding Instalments over securities in IPL,http://ir.iguana2.com/westpac/news-item?S=WBC&E=ASX&N=952176
19 May 2016,ASX Notice under s708A(12H)(e) of the Corporations Act,http://ir.iguana2.com/westpac/news-item?S=WBC&E=ASX&N=952174
18 May 2016,3PL: Becoming a substantial holder from WBC,http://ir.iguana2.com/westpac/news-item?S=3PL&E=ASX&N=951993
18 May 2016,WBCHBN - 4.125% Instruments due 4 June 2026,http://ir.iguana2.com/westpac/news-item?S=WBC&E=ASX&N=951938
17 May 2016,Westpac Capital Notes 4 Offer Letter to Westpac TPS holders,http://ir.iguana2.com/westpac/news-item?S=WBC&E=ASX&N=922796
17 May 2016,Postcard to be sent to Eligible Securityholders,http://ir.iguana2.com/westpac/news-item?S=WBC&E=ASX&N=922793
17 May 2016,Appendix 3B - Interim,http://ir.iguana2.com/westpac/news-item?S=WBC&E=ASX&N=922791
17 May 2016,Westpac Capital Notes 4 Investor Presentation,http://ir.iguana2.com/westpac/news-item?S=WBC&E=ASX&N=922789
17 May 2016,Westpac Capital Notes 4 Offer Announcement,http://ir.iguana2.com/westpac/news-item?S=WBC&E=ASX&N=922787
17 May 2016,Westpac Capital Notes 4 Prospectus,http://ir.iguana2.com/westpac/news-item?S=WBC&E=ASX&N=922786
16 May 2016,Westpac Self-Funding Instalments over securities in WBC,http://ir.iguana2.com/westpac/news-item?S=WBC&E=ASX&N=922747
16 May 2016,Appendix 3B,http://ir.iguana2.com/westpac/news-item?S=WBC&E=ASX&N=922679
16 May 2016,RWH: Change in substantial holding from WBC,http://ir.iguana2.com/westpac/news-item?S=RWH&E=ASX&N=922670
13 May 2016,RWH: Becoming a substantial holder from WBC,http://ir.iguana2.com/westpac/news-item?S=RWH&E=ASX&N=922452
13 May 2016,Westpac VIEWs over securities in NAB,http://ir.iguana2.com/westpac/news-item?S=WBC&E=ASX&N=922384
13 May 2016,Westpac Self-Funding Instalments over securities in NAB,http://ir.iguana2.com/westpac/news-item?S=WBC&E=ASX&N=922383
13 May 2016,Westpac Self-Funding Instalments over securities in MQG,http://ir.iguana2.com/westpac/news-item?S=WBC&E=ASX&N=922382
11 May 2016,Dividend Announcement WBC SFI,http://ir.iguana2.com/westpac/news-item?S=WBC&E=ASX&N=922014
11 May 2016,Westpac Self-Funding Instalments over securities in WBC,http://ir.iguana2.com/westpac/news-item?S=WBC&E=ASX&N=921992
10 May 2016,Westpac Self-Funding Instalments over securities in WBC,http://ir.iguana2.com/westpac/news-item?S=WBC&E=ASX&N=921737
09 May 2016,259C Exemption Notice,http://ir.iguana2.com/westpac/news-item?S=WBC&E=ASX&N=921545
05 May 2016,ASB: Ceasing to be a substantial holder from WBC,http://ir.iguana2.com/westpac/news-item?S=ASB&E=ASX&N=762911
05 May 2016,3PL: Ceasing to be a substantial holder from WBC,http://ir.iguana2.com/westpac/news-item?S=3PL&E=ASX&N=921125
05 May 2016,BAP: Ceasing to be a substantial holder from WBC,http://ir.iguana2.com/westpac/news-item?S=BAP&E=ASX&N=442991
05 May 2016,VLW: Ceasing to be a substantial holder from WBC,http://ir.iguana2.com/westpac/news-item?S=VLW&E=ASX&N=921118
05 May 2016,BTT: Change in substantial holding from WBC,http://ir.iguana2.com/westpac/news-item?S=BTT&E=ASX&N=921114
05 May 2016,Westpac VIEWs over securities in ANZ,http://ir.iguana2.com/westpac/news-item?S=WBC&E=ASX&N=921069
05 May 2016,WestpacSelf-Funding Instalments over securities in ANZ,http://ir.iguana2.com/westpac/news-item?S=WBC&E=ASX&N=921067
05 May 2016,US Form 6-K filing 2016 Interim Financial Results,http://ir.iguana2.com/westpac/news-item?S=WBC&E=ASX&N=921019
03 May 2016,NEC: Change in substantial holding from WBC,http://ir.iguana2.com/westpac/news-item?S=NEC&E=ASX&N=920584
03 May 2016,SMX: Ceasing to be a substantial holder from WBC,http://ir.iguana2.com/westpac/news-item?S=SMX&E=ASX&N=442819
02 May 2016,Westpac Pillar 3 Report (March 2016),http://ir.iguana2.com/westpac/news-item?S=WBC&E=ASX&N=920128
02 May 2016,Westpac 2016 Interim Results email to shareholders,http://ir.iguana2.com/westpac/news-item?S=WBC&E=ASX&N=920127
02 May 2016,Westpac 1H16 Presentation and Investor Discussion Pack,http://ir.iguana2.com/westpac/news-item?S=WBC&E=ASX&N=920126
02 May 2016,Dividend/Distribution - WBC,http://ir.iguana2.com/westpac/news-item?S=WBC&E=ASX&N=920124
02 May 2016,Westpac 2016 Interim Financial Results Announcement,http://ir.iguana2.com/westpac/news-item?S=WBC&E=ASX&N=920121
29 Apr 2016,Westpac Self-Funding Instalment Warrants - Supplementary PDS,http://ir.iguana2.com/westpac/news-item?S=WBC&E=ASX&N=919789
27 Apr 2016,SMX: Change in substantial holding from WBC,http://ir.iguana2.com/westpac/news-item?S=SMX&E=ASX&N=442421
26 Apr 2016,Westpac Self-Funding Instalments over securities in BOQ,http://ir.iguana2.com/westpac/news-item?S=WBC&E=ASX&N=919035
21 Apr 2016,BAP: Becoming a substantial holder from WBC,http://ir.iguana2.com/westpac/news-item?S=BAP&E=ASX&N=442220
18 Apr 2016,Westpac 2016 Interim Financial Results Announcement Template,http://ir.iguana2.com/westpac/news-item?S=WBC&E=ASX&N=917977
06 Apr 2016,BAP: Ceasing to be a substantial holder from WBC,http://ir.iguana2.com/westpac/news-item?S=BAP&E=ASX&N=441494
06 Apr 2016,SMX: Change in substantial holding from WBC,http://ir.iguana2.com/westpac/news-item?S=SMX&E=ASX&N=441493
05 Apr 2016,Westpac to defend ASIC civil proceedings relating to BBSW,http://ir.iguana2.com/westpac/news-item?S=WBC&E=ASX&N=916094
05 Apr 2016,Westpac Self-Funding Instalments over securities in ILC,http://ir.iguana2.com/westpac/news-item?S=WBC&E=ASX&N=916081
05 Apr 2016,Dividend/Distribution - WBCPC,http://ir.iguana2.com/westpac/news-item?S=WBC&E=ASX&N=916025
05 Apr 2016,Westpac VIEWs over securities in IHD,http://ir.iguana2.com/westpac/news-item?S=WBC&E=ASX&N=916015
01 Apr 2016,Westpac Self-Funding Instalments over securities in ILC,http://ir.iguana2.com/westpac/news-item?S=WBC&E=ASX&N=915547
01 Apr 2016,Westpac Self-Funding Instalments over securities in IOZ,http://ir.iguana2.com/westpac/news-item?S=WBC&E=ASX&N=915544
01 Apr 2016,GDF: Ceasing to be a substantial holder from WBC,http://ir.iguana2.com/westpac/news-item?S=GDF&E=ASX&N=915536
01 Apr 2016,MTS: Change in substantial holding from WBC,http://ir.iguana2.com/westpac/news-item?S=MTS&E=ASX&N=915534
01 Apr 2016,Confirmation of redemption - 2004 Trust Preferred Securities,http://ir.iguana2.com/westpac/news-item?S=WBC&E=ASX&N=915390
29 Mar 2016,Dividend/Distribution - WBCPE,http://ir.iguana2.com/westpac/news-item?S=WBC&E=ASX&N=914688
29 Mar 2016,Dividend/Distribution - WBCPF,http://ir.iguana2.com/westpac/news-item?S=WBC&E=ASX&N=914607
29 Mar 2016,Westpac Self-Funding Instalments over securities in SYI,http://ir.iguana2.com/westpac/news-item?S=WBC&E=ASX&N=914605
24 Mar 2016,BAP: Becoming a substantial holder from WBC,http://ir.iguana2.com/westpac/news-item?S=BAP&E=ASX&N=440971
24 Mar 2016,Consumer Bank and Business Bank update presentation,http://ir.iguana2.com/westpac/news-item?S=WBC&E=ASX&N=914263
23 Mar 2016,WBCHBQ - Pricing Supplement - Instruments due May 2019,http://ir.iguana2.com/westpac/news-item?S=WBC&E=ASX&N=914175
23 Mar 2016,Appendix 3B,http://ir.iguana2.com/westpac/news-item?S=WBC&E=ASX&N=914158
21 Mar 2016,Westpac Self-Funding Instalments over securities in CSL,http://ir.iguana2.com/westpac/news-item?S=WBC&E=ASX&N=913614
18 Mar 2016,SMX: Change in substantial holding from WBC,http://ir.iguana2.com/westpac/news-item?S=SMX&E=ASX&N=440654
18 Mar 2016,Westpac Self-Funding Instalments over securities in CWN,http://ir.iguana2.com/westpac/news-item?S=WBC&E=ASX&N=913447
16 Mar 2016,Westpac Self-Funding Instalments over securities in BHP,http://ir.iguana2.com/westpac/news-item?S=WBC&E=ASX&N=912990
14 Mar 2016,CVO: Change in substantial holding from WBC,http://ir.iguana2.com/westpac/news-item?S=CVO&E=ASX&N=912534
14 Mar 2016,Dividend/Distribution - WBCPD,http://ir.iguana2.com/westpac/news-item?S=WBC&E=ASX&N=912475
11 Mar 2016,Westpac Self-Funding Instalments over securities in OSH,http://ir.iguana2.com/westpac/news-item?S=WBC&E=ASX&N=912308
11 Mar 2016,Appendix 3B,http://ir.iguana2.com/westpac/news-item?S=WBC&E=ASX&N=912227
10 Mar 2016,MMS: Ceasing to be a substantial holder from WBC,http://ir.iguana2.com/westpac/news-item?S=MMS&E=ASX&N=440145
10 Mar 2016,Appendix 3B,http://ir.iguana2.com/westpac/news-item?S=WBC&E=ASX&N=911910
10 Mar 2016,ASX Notice under s708A(12G)(e) of the Corporations Act,http://ir.iguana2.com/westpac/news-item?S=WBC&E=ASX&N=911908
09 Mar 2016,Westpac VIEWs over securities in BHP,http://ir.iguana2.com/westpac/news-item?S=WBC&E=ASX&N=911667
09 Mar 2016,Westpac Self-Funding Instalments over securities in QBE,http://ir.iguana2.com/westpac/news-item?S=WBC&E=ASX&N=911665
09 Mar 2016,Westpac Self-Funding Instalments over securities in COH,http://ir.iguana2.com/westpac/news-item?S=WBC&E=ASX&N=911664
09 Mar 2016,Westpac Self-Funding Instalments over securities in BXB,http://ir.iguana2.com/westpac/news-item?S=WBC&E=ASX&N=911663
09 Mar 2016,Westpac Self-Funding Instalments over securities in BHP,http://ir.iguana2.com/westpac/news-item?S=WBC&E=ASX&N=911662
08 Mar 2016,Westpac New Zealand Update,http://ir.iguana2.com/westpac/news-item?S=WBC&E=ASX&N=911370
07 Mar 2016,NEC: Change in substantial holding from WBC,http://ir.iguana2.com/westpac/news-item?S=NEC&E=ASX&N=911195
07 Mar 2016,CWP: Change in substantial holding from WBC,http://ir.iguana2.com/westpac/news-item?S=CWP&E=ASX&N=755386
07 Mar 2016,Westpac Self-Funding Instalments over securities in HSO,http://ir.iguana2.com/westpac/news-item?S=WBC&E=ASX&N=911183
04 Mar 2016,Westpac Self-Funding Instalments over securities in RHC,http://ir.iguana2.com/westpac/news-item?S=WBC&E=ASX&N=910796
04 Mar 2016,Westpac Self-Funding Instalments over securities in OSH,http://ir.iguana2.com/westpac/news-item?S=WBC&E=ASX&N=910795
03 Mar 2016,Westpac Self-Funding Instalments over securities in PBG,http://ir.iguana2.com/westpac/news-item?S=WBC&E=ASX&N=910545
03 Mar 2016,Westpac Self-Funding Instalments over securities in MPL,http://ir.iguana2.com/westpac/news-item?S=WBC&E=ASX&N=910544
02 Mar 2016,Westpac Self-Funding Instalments over securities in SHL,http://ir.iguana2.com/westpac/news-item?S=WBC&E=ASX&N=910309
01 Mar 2016,ASB: Becoming a substantial holder from WBC,http://ir.iguana2.com/westpac/news-item?S=ASB&E=ASX&N=754813
01 Mar 2016,Westpac VIEWs over securities in WPL,http://ir.iguana2.com/westpac/news-item?S=WBC&E=ASX&N=910047
01 Mar 2016,Westpac Self-Funding Instalments over securities in WPL,http://ir.iguana2.com/westpac/news-item?S=WBC&E=ASX&N=910045
01 Mar 2016,Westpac Self-Funding Instalments over securities in WOW,http://ir.iguana2.com/westpac/news-item?S=WBC&E=ASX&N=910044
01 Mar 2016,Westpac Self-Funding Instalments over securities in FMG,http://ir.iguana2.com/westpac/news-item?S=WBC&E=ASX&N=910042
01 Mar 2016,Westpac Self-Funding Instalments over securities in BSL,http://ir.iguana2.com/westpac/news-item?S=WBC&E=ASX&N=910040
01 Mar 2016,Westpac Self-Funding Instalments over securities in ASX,http://ir.iguana2.com/westpac/news-item?S=WBC&E=ASX&N=910038
29 Feb 2016,AEG: Becoming a substantial holder from WBC,http://ir.iguana2.com/westpac/news-item?S=AEG&E=ASX&N=909759
29 Feb 2016,Westpac Self-Funding Instalments over securities in TLS,http://ir.iguana2.com/westpac/news-item?S=WBC&E=ASX&N=909715
29 Feb 2016,Westpac Self-Funding Instalment Warrants - Supplementary PDS,http://ir.iguana2.com/westpac/news-item?S=WBC&E=ASX&N=909471
26 Feb 2016,Appendix 3B,http://ir.iguana2.com/westpac/news-item?S=WBC&E=ASX&N=909341
26 Feb 2016,ASX Notice under s708A(12G)(e) of the Corporations Act,http://ir.iguana2.com/westpac/news-item?S=WBC&E=ASX&N=909331
26 Feb 2016,Interest Payment - WBCHA,http://ir.iguana2.com/westpac/news-item?S=WBC&E=ASX&N=909171
26 Feb 2016,Interest Payment - WBCHB,http://ir.iguana2.com/westpac/news-item?S=WBC&E=ASX&N=909170
26 Feb 2016,Westpac VIEWs over securities in TLS,http://ir.iguana2.com/westpac/news-item?S=WBC&E=ASX&N=909166
26 Feb 2016,Westpac Self-Funding Instalments over securities in TLS,http://ir.iguana2.com/westpac/news-item?S=WBC&E=ASX&N=909163
26 Feb 2016,Westpac Self-Funding Instalments over securities in BEN,http://ir.iguana2.com/westpac/news-item?S=WBC&E=ASX&N=909159
26 Feb 2016,Westpac Self-Funding Instalments over securities in AMP,http://ir.iguana2.com/westpac/news-item?S=WBC&E=ASX&N=909157
25 Feb 2016,NEC: Change in substantial holding from WBC,http://ir.iguana2.com/westpac/news-item?S=NEC&E=ASX&N=908898
25 Feb 2016,AUB: Becoming a substantial holder from WBC,http://ir.iguana2.com/westpac/news-item?S=AUB&E=ASX&N=908894
25 Feb 2016,Westpac VIEWs over securities in WES,http://ir.iguana2.com/westpac/news-item?S=WBC&E=ASX&N=908887
25 Feb 2016,Westpac Self-Funding Instalments over securities in WFD,http://ir.iguana2.com/westpac/news-item?S=WBC&E=ASX&N=908882
25 Feb 2016,Westpac Self-Funding Instalments over securities in WES,http://ir.iguana2.com/westpac/news-item?S=WBC&E=ASX&N=908881
25 Feb 2016,Westpac Self-Funding Instalments over securities in IAG,http://ir.iguana2.com/westpac/news-item?S=WBC&E=ASX&N=908877
25 Feb 2016,Westpac Self-Funding Instalments over securities in AIO,http://ir.iguana2.com/westpac/news-item?S=WBC&E=ASX&N=908874
25 Feb 2016,WBC-NZ Banking Group Disclosure Statement - 31 Dec 2015,http://ir.iguana2.com/westpac/news-item?S=WBC&E=ASX&N=908797
24 Feb 2016,Westpac Self-Funding Instalments over securities in AZJ,http://ir.iguana2.com/westpac/news-item?S=WBC&E=ASX&N=908454
24 Feb 2016,ECX: Change in substantial holding from WBC,http://ir.iguana2.com/westpac/news-item?S=ECX&E=ASX&N=908443
23 Feb 2016,WNZL Disclosure Statement for the 3 months ended 31 Dec 2015,http://ir.iguana2.com/westpac/news-item?S=WBC&E=ASX&N=908020
23 Feb 2016,Westpac VIEWs over securities in RIO,http://ir.iguana2.com/westpac/news-item?S=WBC&E=ASX&N=907943
23 Feb 2016,Westpac Self-Funding Instalments over securities in STO,http://ir.iguana2.com/westpac/news-item?S=WBC&E=ASX&N=907942
23 Feb 2016,Westpac Self-Funding Instalments over securities in RIO,http://ir.iguana2.com/westpac/news-item?S=WBC&E=ASX&N=907941
19 Feb 2016,FAN: Change in substantial holding from WBC,http://ir.iguana2.com/westpac/news-item?S=FAN&E=ASX&N=907394
19 Feb 2016,Westpac Self-Funding Instalments over securities in ORG,http://ir.iguana2.com/westpac/news-item?S=WBC&E=ASX&N=907348
19 Feb 2016,Westpac Self-Funding Instalments over securities in LLC,http://ir.iguana2.com/westpac/news-item?S=WBC&E=ASX&N=907343
19 Feb 2016,Westpac Self-Funding Instalments over securities in AMC,http://ir.iguana2.com/westpac/news-item?S=WBC&E=ASX&N=907340
19 Feb 2016,Westpac Self-Funding Instalments over securities in AGL,http://ir.iguana2.com/westpac/news-item?S=WBC&E=ASX&N=907336
19 Feb 2016,1Q16 Capital and Asset Quality update,http://ir.iguana2.com/westpac/news-item?S=WBC&E=ASX&N=907140
19 Feb 2016,Westpac Pillar 3 Report for 31 December 2015,http://ir.iguana2.com/westpac/news-item?S=WBC&E=ASX&N=907142
18 Feb 2016,Westpac VIEWs over securities in WPL,http://ir.iguana2.com/westpac/news-item?S=WBC&E=ASX&N=907051
18 Feb 2016,Westpac Self-Funding Instalments over securities in WPL,http://ir.iguana2.com/westpac/news-item?S=WBC&E=ASX&N=907049
18 Feb 2016,Westpac Self-Funding Instalments over securities in OZL,http://ir.iguana2.com/westpac/news-item?S=WBC&E=ASX&N=907048
18 Feb 2016,Westpac Self-Funding Instalments over securities in CCL,http://ir.iguana2.com/westpac/news-item?S=WBC&E=ASX&N=907047
18 Feb 2016,Westpac Self-Funding Instalments over securities in ANN,http://ir.iguana2.com/westpac/news-item?S=WBC&E=ASX&N=907046
16 Feb 2016,Westpac VIEWs over securities in SUN,http://ir.iguana2.com/westpac/news-item?S=WBC&E=ASX&N=906510
16 Feb 2016,Westpac Self-Funding Instalments over securities in SUN,http://ir.iguana2.com/westpac/news-item?S=WBC&E=ASX&N=906509
16 Feb 2016,Westpac Self-Funding Instalments over securities in CPU,http://ir.iguana2.com/westpac/news-item?S=WBC&E=ASX&N=906501
15 Feb 2016,AYS: Change in substantial holding from WBC,http://ir.iguana2.com/westpac/news-item?S=AYS&E=ASX&N=906290
12 Feb 2016,Westpac VIEWs over securities in CBA,http://ir.iguana2.com/westpac/news-item?S=WBC&E=ASX&N=906088
12 Feb 2016,Westpac Self-Funding Instalments over securities in CBA,http://ir.iguana2.com/westpac/news-item?S=WBC&E=ASX&N=906084
12 Feb 2016,Westpac Self-Funding Instalments over securities in BLD,http://ir.iguana2.com/westpac/news-item?S=WBC&E=ASX&N=906083
12 Feb 2016,259C Exemption Notice,http://ir.iguana2.com/westpac/news-item?S=WBC&E=ASX&N=906078
11 Feb 2016,SHV: Ceasing to be a substantial holder from WBC,http://ir.iguana2.com/westpac/news-item?S=SHV&E=ASX&N=438209
11 Feb 2016,LIC: Becoming a substantial holder from WBC,http://ir.iguana2.com/westpac/news-item?S=LIC&E=ASX&N=438208
11 Feb 2016,WBC announces redemption of 2004 Trust Preferred Securities,http://ir.iguana2.com/westpac/news-item?S=WBC&E=ASX&N=905755
09 Feb 2016,Westpac Self-Funding Instalments over securities in WFD,http://ir.iguana2.com/westpac/news-item?S=WBC&E=ASX&N=905457
09 Feb 2016,Westpac Self-Funding Instalments over securities in ANN,http://ir.iguana2.com/westpac/news-item?S=WBC&E=ASX&N=905455
08 Feb 2016,CVO: Change in substantial holding from WBC,http://ir.iguana2.com/westpac/news-item?S=CVO&E=ASX&N=905219
08 Feb 2016,Westpac Self-Funding Instalments over securities in TAH,http://ir.iguana2.com/westpac/news-item?S=WBC&E=ASX&N=905134
05 Feb 2016,CMA: Change in substantial holding from WBC,http://ir.iguana2.com/westpac/news-item?S=CMA&E=ASX&N=904994
04 Feb 2016,SMX: Change in substantial holding from WBC,http://ir.iguana2.com/westpac/news-item?S=SMX&E=ASX&N=437894
04 Feb 2016,Westpac VIEWs over securities in NAB,http://ir.iguana2.com/westpac/news-item?S=WBC&E=ASX&N=904734
04 Feb 2016,Westpac Self-Funding Instalments over securities in NAB,http://ir.iguana2.com/westpac/news-item?S=WBC&E=ASX&N=904731
03 Feb 2016,GDF: Becoming a substantial holder from WBC,http://ir.iguana2.com/westpac/news-item?S=GDF&E=ASX&N=904540
03 Feb 2016,WBCHBB - Pricing Supplement - Instruments due February 2019,http://ir.iguana2.com/westpac/news-item?S=WBC&E=ASX&N=904480
03 Feb 2016,Westpac Instalment Warrants over securities in NAB,http://ir.iguana2.com/westpac/news-item?S=WBC&E=ASX&N=904427
02 Feb 2016,NVL: Ceasing to be a substantial holder from WBC,http://ir.iguana2.com/westpac/news-item?S=NVL&E=ASX&N=904357
02 Feb 2016,MTR: Change in substantial holding from WBC,http://ir.iguana2.com/westpac/news-item?S=MTR&E=ASX&N=904353
01 Feb 2016,AHX: Becoming a substantial holder from WBC,http://ir.iguana2.com/westpac/news-item?S=AHX&E=ASX&N=437740
01 Feb 2016,GDF: Ceasing to be a substantial holder from WBC,http://ir.iguana2.com/westpac/news-item?S=GDF&E=ASX&N=904158
29 Jan 2016,3PL: Becoming a substantial holder from WBC,http://ir.iguana2.com/westpac/news-item?S=3PL&E=ASX&N=903793
28 Jan 2016,Appendix 3B,http://ir.iguana2.com/westpac/news-item?S=WBC&E=ASX&N=903400
27 Jan 2016,Information Memorandum for WBC's Debt Instruments,http://ir.iguana2.com/westpac/news-item?S=WBC&E=ASX&N=903205
25 Jan 2016,CMA: Notice of Change of Interests of Substantial Holder from WBC,http://ir.iguana2.com/westpac/news-item?S=CMA&E=ASX&N=902956
20 Jan 2016,WBCHBN - 4.125% Instruments due 4 June 2026,http://ir.iguana2.com/westpac/news-item?S=WBC&E=ASX&N=902536
19 Jan 2016,Appendix 3B,http://ir.iguana2.com/westpac/news-item?S=WBC&E=ASX&N=902422
19 Jan 2016,CMA: Notice of change of interests of substantial holder from WBC,http://ir.iguana2.com/westpac/news-item?S=CMA&E=ASX&N=902366
15 Jan 2016,3PL: Ceasing to be a substantial holder from WBC,http://ir.iguana2.com/westpac/news-item?S=3PL&E=ASX&N=902054
08 Jan 2016,Westpac Self-Funding Instalments over securities in TEN,http://ir.iguana2.com/westpac/news-item?S=WBC&E=ASX&N=901284
06 Jan 2016,AIB: Change in substantial holding from WBC,http://ir.iguana2.com/westpac/news-item?S=AIB&E=ASX&N=900938
04 Jan 2016,Westpac Self-Funding Instalments over securities in SYI,http://ir.iguana2.com/westpac/news-item?S=WBC&E=ASX&N=900524
04 Jan 2016,Westpac Self-Funding Instalments over securities in STW,http://ir.iguana2.com/westpac/news-item?S=WBC&E=ASX&N=900523
04 Jan 2016,Westpac Self-Funding Instalments over securities in ILC,http://ir.iguana2.com/westpac/news-item?S=WBC&E=ASX&N=900521
04 Jan 2016,Dividend/Distribution - WBCPE,http://ir.iguana2.com/westpac/news-item?S=WBC&E=ASX&N=900476
